datasetID,accessible,institution,dataStructure,cdm_data_type,class,title,minLongitude,maxLongitude,longitudeSpacing,minLatitude,maxLatitude,latitudeSpacing,minAltitude,maxAltitude,minTime,maxTime,timeSpacing,griddap,subset,tabledap,MakeAGraph,sos,wcs,wms,files,fgdc,iso19115,metadata,sourceUrl,infoUrl,rss,email,testOutOfDate,outOfDate,summary
,,,,,,,degrees_east,degrees_east,degrees_east,degrees_north,degrees_north,degrees_north,m,m,UTC,UTC,seconds,,,,,,,,,,,,,,,,,,
allDatasets,public,INCOIS,table,Other,EDDTableFromAllDatasets,* The List of All Active Datasets in this ERDDAP *,NaN,NaN,NaN,NaN,NaN,NaN,NaN,NaN,,,NaN,,https://erddap.incois.gov.in/erddap/tabledap/allDatasets.subset,https://erddap.incois.gov.in/erddap/tabledap/allDatasets,https://erddap.incois.gov.in/erddap/tabledap/allDatasets.graph,,,,,,https://erddap.incois.gov.in/erddap/metadata/iso19115/xml/allDatasets_iso19115.xml,https://erddap.incois.gov.in/erddap/info/allDatasets/index,https://erddap.incois.gov.in/erddap,https://erddap.incois.gov.in/erddap,https://erddap.incois.gov.in/erddap/rss/allDatasets.rss,https://erddap.incois.gov.in/erddap/subscriptions/add.html?datasetID=allDatasets&showErrors=false&email=,,NaN,This dataset is a table which has a row of information for each dataset currently active in this ERDDAP.
AMSRE_MONTHLY_GLOBAL,public,INCOIS,grid,Grid,EDDGridFromNcFiles,AMSRE Monthly Global Data,0.0,359.75,0.25,-90.0,89.75,0.25,NaN,NaN,2002-06-14T00:00:00Z,2011-09-14T00:00:00Z,2630140.5405405406,https://erddap.incois.gov.in/erddap/griddap/AMSRE_MONTHLY_GLOBAL,,,https://erddap.incois.gov.in/erddap/griddap/AMSRE_MONTHLY_GLOBAL.graph,,,https://erddap.incois.gov.in/erddap/wms/AMSRE_MONTHLY_GLOBAL/request,,https://erddap.incois.gov.in/erddap/metadata/fgdc/xml/AMSRE_MONTHLY_GLOBAL_fgdc.xml,https://erddap.incois.gov.in/erddap/metadata/iso19115/xml/AMSRE_MONTHLY_GLOBAL_iso19115.xml,https://erddap.incois.gov.in/erddap/info/AMSRE_MONTHLY_GLOBAL/index,(local files),???,https://erddap.incois.gov.in/erddap/rss/AMSRE_MONTHLY_GLOBAL.rss,https://erddap.incois.gov.in/erddap/subscriptions/add.html?datasetID=AMSRE_MONTHLY_GLOBAL&showErrors=false&email=,,NaN,AMSRE Monthly Global Data
ascat_daily_datasets,public,ifremer,grid,Grid,EDDGridFromNcFiles,Daily ASCAT global wind field,20.125,139.875,0.25,-29.875,29.875,0.25,-10.0,-10.0,2007-03-21T12:00:00Z,2023-05-21T12:00:00Z,87301.84804928131,https://erddap.incois.gov.in/erddap/griddap/ascat_daily_datasets,,,https://erddap.incois.gov.in/erddap/griddap/ascat_daily_datasets.graph,,,https://erddap.incois.gov.in/erddap/wms/ascat_daily_datasets/request,,https://erddap.incois.gov.in/erddap/metadata/fgdc/xml/ascat_daily_datasets_fgdc.xml,https://erddap.incois.gov.in/erddap/metadata/iso19115/xml/ascat_daily_datasets_iso19115.xml,https://erddap.incois.gov.in/erddap/info/ascat_daily_datasets/index,(local files),https://wwz.ifremer.fr/,https://erddap.incois.gov.in/erddap/rss/ascat_daily_datasets.rss,https://erddap.incois.gov.in/erddap/subscriptions/add.html?datasetID=ascat_daily_datasets&showErrors=false&email=,,NaN,Daily Advanced SCATterometer (ASCAT) global wind field. ifremer data from a local source.
NOAA_AVHRR_AMSR_datasets,public,INCOIS,grid,Grid,EDDGridFromNcFiles,"Daily-OI-V2, final, Data (Ship, Buoy, AMSR-E, AVHRR, GSFC-ice)",20.125,139.875,0.25,-29.875,29.875,0.25,NaN,NaN,2002-06-01T00:00:00Z,2011-10-04T00:00:00Z,86400.0,https://erddap.incois.gov.in/erddap/griddap/NOAA_AVHRR_AMSR_datasets,,,https://erddap.incois.gov.in/erddap/griddap/NOAA_AVHRR_AMSR_datasets.graph,,,https://erddap.incois.gov.in/erddap/wms/NOAA_AVHRR_AMSR_datasets/request,,https://erddap.incois.gov.in/erddap/metadata/fgdc/xml/NOAA_AVHRR_AMSR_datasets_fgdc.xml,https://erddap.incois.gov.in/erddap/metadata/iso19115/xml/NOAA_AVHRR_AMSR_datasets_iso19115.xml,https://erddap.incois.gov.in/erddap/info/NOAA_AVHRR_AMSR_datasets/index,(local files),https://www.nasa.gov/centers/goddard/home/index.html,https://erddap.incois.gov.in/erddap/rss/NOAA_AVHRR_AMSR_datasets.rss,https://erddap.incois.gov.in/erddap/subscriptions/add.html?datasetID=NOAA_AVHRR_AMSR_datasets&showErrors=false&email=,,NaN,NOAA High Resolution SST AVHRR AMSR (data provided by the NOAA OAR ESRL)
incois_argo_10day_McCreary,public,INCOIS,grid,Grid,EDDGridFromNcFiles,INCOIS ARGO 10 Day data Kessler-McCreary Methodology,30.5,119.5,1.0,-29.5,29.5,1.0,NaN,NaN,2001-01-10T00:00:00Z,2026-06-30T00:00:00Z,876437.0774263904,https://erddap.incois.gov.in/erddap/griddap/incois_argo_10day_McCreary,,,https://erddap.incois.gov.in/erddap/griddap/incois_argo_10day_McCreary.graph,,,https://erddap.incois.gov.in/erddap/wms/incois_argo_10day_McCreary/request,,https://erddap.incois.gov.in/erddap/metadata/fgdc/xml/incois_argo_10day_McCreary_fgdc.xml,https://erddap.incois.gov.in/erddap/metadata/iso19115/xml/incois_argo_10day_McCreary_iso19115.xml,https://erddap.incois.gov.in/erddap/info/incois_argo_10day_McCreary/index,(local files),???,https://erddap.incois.gov.in/erddap/rss/incois_argo_10day_McCreary.rss,https://erddap.incois.gov.in/erddap/subscriptions/add.html?datasetID=incois_argo_10day_McCreary&showErrors=false&email=,,NaN,INCOIS ARGO 10 Day data Kessler-McCreary Methodology
incois_argo_10d_VAM,public,INCOIS,grid,Grid,EDDGridFromNcFiles,INCOIS ARGO 10 day data Variational Analysis Methodology,30.5,119.5,1.0,-29.5,29.5,1.0,NaN,NaN,2004-01-10T00:00:00Z,2026-06-30T00:00:00Z,876495.4264524104,https://erddap.incois.gov.in/erddap/griddap/incois_argo_10d_VAM,,,https://erddap.incois.gov.in/erddap/griddap/incois_argo_10d_VAM.graph,,,https://erddap.incois.gov.in/erddap/wms/incois_argo_10d_VAM/request,,https://erddap.incois.gov.in/erddap/metadata/fgdc/xml/incois_argo_10d_VAM_fgdc.xml,https://erddap.incois.gov.in/erddap/metadata/iso19115/xml/incois_argo_10d_VAM_iso19115.xml,https://erddap.incois.gov.in/erddap/info/incois_argo_10d_VAM/index,(local files),???,https://erddap.incois.gov.in/erddap/rss/incois_argo_10d_VAM.rss,https://erddap.incois.gov.in/erddap/subscriptions/add.html?datasetID=incois_argo_10d_VAM&showErrors=false&email=,,NaN,INCOIS ARGO 10 day data Variational Analysis Methodology
incois_argo_mnt_McCreary,public,INCOIS,grid,Grid,EDDGridFromNcFiles,INCOIS ARGO Monthly data Kessler-McCreary Methodology,30.5,119.5,1.0,-29.5,29.5,1.0,NaN,NaN,2001-01-15T00:00:00Z,2026-06-15T00:00:00Z,2629392.7868852457,https://erddap.incois.gov.in/erddap/griddap/incois_argo_mnt_McCreary,,,https://erddap.incois.gov.in/erddap/griddap/incois_argo_mnt_McCreary.graph,,,https://erddap.incois.gov.in/erddap/wms/incois_argo_mnt_McCreary/request,,https://erddap.incois.gov.in/erddap/metadata/fgdc/xml/incois_argo_mnt_McCreary_fgdc.xml,https://erddap.incois.gov.in/erddap/metadata/iso19115/xml/incois_argo_mnt_McCreary_iso19115.xml,https://erddap.incois.gov.in/erddap/info/incois_argo_mnt_McCreary/index,(local files),???,https://erddap.incois.gov.in/erddap/rss/incois_argo_mnt_McCreary.rss,https://erddap.incois.gov.in/erddap/subscriptions/add.html?datasetID=incois_argo_mnt_McCreary&showErrors=false&email=,,NaN,INCOIS ARGO Monthly data Kessler-McCreary Methodology
incois_argo_mnt_VAM,public,INCOIS,grid,Grid,EDDGridFromNcFiles,INCOIS ARGO Monthly data Variational Analysis Methodology,30.5,119.5,1.0,-29.5,29.5,1.0,NaN,NaN,2004-01-15T00:00:00Z,2026-06-15T00:00:00Z,2629579.182156134,https://erddap.incois.gov.in/erddap/griddap/incois_argo_mnt_VAM,,,https://erddap.incois.gov.in/erddap/griddap/incois_argo_mnt_VAM.graph,,,https://erddap.incois.gov.in/erddap/wms/incois_argo_mnt_VAM/request,,https://erddap.incois.gov.in/erddap/metadata/fgdc/xml/incois_argo_mnt_VAM_fgdc.xml,https://erddap.incois.gov.in/erddap/metadata/iso19115/xml/incois_argo_mnt_VAM_iso19115.xml,https://erddap.incois.gov.in/erddap/info/incois_argo_mnt_VAM/index,(local files),???,https://erddap.incois.gov.in/erddap/rss/incois_argo_mnt_VAM.rss,https://erddap.incois.gov.in/erddap/subscriptions/add.html?datasetID=incois_argo_mnt_VAM&showErrors=false&email=,,NaN,INCOIS ARGO Monthly data Variational Analysis Methodology
incois_argo_sst_weekly,public,INCOIS,grid,Grid,EDDGridFromNcFiles,INCOIS argo SST data Weekly,30.0,120.0,0.25,-30.0,30.0,0.25,NaN,NaN,2009-01-07T00:00:00Z,2010-12-29T00:00:00Z,604800.0,https://erddap.incois.gov.in/erddap/griddap/incois_argo_sst_weekly,,,https://erddap.incois.gov.in/erddap/griddap/incois_argo_sst_weekly.graph,,,https://erddap.incois.gov.in/erddap/wms/incois_argo_sst_weekly/request,,https://erddap.incois.gov.in/erddap/metadata/fgdc/xml/incois_argo_sst_weekly_fgdc.xml,https://erddap.incois.gov.in/erddap/metadata/iso19115/xml/incois_argo_sst_weekly_iso19115.xml,https://erddap.incois.gov.in/erddap/info/incois_argo_sst_weekly/index,(local files),???,https://erddap.incois.gov.in/erddap/rss/incois_argo_sst_weekly.rss,https://erddap.incois.gov.in/erddap/subscriptions/add.html?datasetID=incois_argo_sst_weekly&showErrors=false&email=,,NaN,INCOIS argo SST data Weekly
incois_oceansat2_datasets,public,INCOIS,grid,Grid,EDDGridFromNcFiles,INCOIS Oceansat 2 OCM Data,46.6831254134,99.316874585796,0.039995250131,0.10701514192,27.89298485807536,0.03880722027396,NaN,NaN,2011-02-02T00:00:00Z,2020-05-01T00:00:00Z,86400.0,https://erddap.incois.gov.in/erddap/griddap/incois_oceansat2_datasets,,,https://erddap.incois.gov.in/erddap/griddap/incois_oceansat2_datasets.graph,,,https://erddap.incois.gov.in/erddap/wms/incois_oceansat2_datasets/request,,https://erddap.incois.gov.in/erddap/metadata/fgdc/xml/incois_oceansat2_datasets_fgdc.xml,https://erddap.incois.gov.in/erddap/metadata/iso19115/xml/incois_oceansat2_datasets_iso19115.xml,https://erddap.incois.gov.in/erddap/info/incois_oceansat2_datasets/index,(local files),???,https://erddap.incois.gov.in/erddap/rss/incois_oceansat2_datasets.rss,https://erddap.incois.gov.in/erddap/subscriptions/add.html?datasetID=incois_oceansat2_datasets&showErrors=false&email=,,NaN,INCOIS Oceansat 2 OCM Data
incois_quickscat_daily_datasets,public,INCOIS,grid,Grid,EDDGridFromNcFiles,INCOIS Quickscat Daily Data,30.25,119.75,0.5,-29.75,29.75,0.5,NaN,NaN,1999-07-20T12:00:00Z,2009-11-21T12:00:00Z,86975.69296375266,https://erddap.incois.gov.in/erddap/griddap/incois_quickscat_daily_datasets,,,https://erddap.incois.gov.in/erddap/griddap/incois_quickscat_daily_datasets.graph,,,https://erddap.incois.gov.in/erddap/wms/incois_quickscat_daily_datasets/request,,https://erddap.incois.gov.in/erddap/metadata/fgdc/xml/incois_quickscat_daily_datasets_fgdc.xml,https://erddap.incois.gov.in/erddap/metadata/iso19115/xml/incois_quickscat_daily_datasets_iso19115.xml,https://erddap.incois.gov.in/erddap/info/incois_quickscat_daily_datasets/index,(local files),???,https://erddap.incois.gov.in/erddap/rss/incois_quickscat_daily_datasets.rss,https://erddap.incois.gov.in/erddap/subscriptions/add.html?datasetID=incois_quickscat_daily_datasets&showErrors=false&email=,,NaN,INCOIS Quickscat Daily Data
incois_quickscat_mnt_datasets,public,INCOIS,grid,Grid,EDDGridFromNcFiles,INCOIS Quickscat Monthly Data,30.25,119.75,0.5,-29.75,29.75,0.5,NaN,NaN,1999-08-16T12:00:00Z,2009-10-16T12:00:00Z,2630242.62295082,https://erddap.incois.gov.in/erddap/griddap/incois_quickscat_mnt_datasets,,,https://erddap.incois.gov.in/erddap/griddap/incois_quickscat_mnt_datasets.graph,,,https://erddap.incois.gov.in/erddap/wms/incois_quickscat_mnt_datasets/request,,https://erddap.incois.gov.in/erddap/metadata/fgdc/xml/incois_quickscat_mnt_datasets_fgdc.xml,https://erddap.incois.gov.in/erddap/metadata/iso19115/xml/incois_quickscat_mnt_datasets_iso19115.xml,https://erddap.incois.gov.in/erddap/info/incois_quickscat_mnt_datasets/index,(local files),???,https://erddap.incois.gov.in/erddap/rss/incois_quickscat_mnt_datasets.rss,https://erddap.incois.gov.in/erddap/subscriptions/add.html?datasetID=incois_quickscat_mnt_datasets&showErrors=false&email=,,NaN,INCOIS Quickscat Monthly Data
incois_tmi_3day_datasets,public,INCOIS,grid,Grid,EDDGridFromNcFiles,INCOIS TMI 3Day Data,0.0,359.75,0.25,-90.0,89.75,0.25,NaN,NaN,1997-12-07T00:00:00Z,2014-12-31T00:00:00Z,86511.03614457832,https://erddap.incois.gov.in/erddap/griddap/incois_tmi_3day_datasets,,,https://erddap.incois.gov.in/erddap/griddap/incois_tmi_3day_datasets.graph,,,https://erddap.incois.gov.in/erddap/wms/incois_tmi_3day_datasets/request,,https://erddap.incois.gov.in/erddap/metadata/fgdc/xml/incois_tmi_3day_datasets_fgdc.xml,https://erddap.incois.gov.in/erddap/metadata/iso19115/xml/incois_tmi_3day_datasets_iso19115.xml,https://erddap.incois.gov.in/erddap/info/incois_tmi_3day_datasets/index,(local files),???,https://erddap.incois.gov.in/erddap/rss/incois_tmi_3day_datasets.rss,https://erddap.incois.gov.in/erddap/subscriptions/add.html?datasetID=incois_tmi_3day_datasets&showErrors=false&email=,,NaN,INCOIS TMI 3Day Data
incois_valueadded_products_datasets,public,INCOIS,grid,Grid,EDDGridFromNcFiles,INCOIS Value Added Products,30.5,119.5,1.0,-29.5,29.5,1.0,NaN,NaN,2004-01-10T00:00:00Z,2019-03-30T00:00:00Z,876297.8102189781,https://erddap.incois.gov.in/erddap/griddap/incois_valueadded_products_datasets,,,https://erddap.incois.gov.in/erddap/griddap/incois_valueadded_products_datasets.graph,,,,,https://erddap.incois.gov.in/erddap/metadata/fgdc/xml/incois_valueadded_products_datasets_fgdc.xml,https://erddap.incois.gov.in/erddap/metadata/iso19115/xml/incois_valueadded_products_datasets_iso19115.xml,https://erddap.incois.gov.in/erddap/info/incois_valueadded_products_datasets/index,(local files),???,https://erddap.incois.gov.in/erddap/rss/incois_valueadded_products_datasets.rss,https://erddap.incois.gov.in/erddap/subscriptions/add.html?datasetID=incois_valueadded_products_datasets&showErrors=false&email=,,NaN,INCOIS Value Added Products
Indian_ARGO_Floats,public,INCOIS,table,Point,EDDTableFromMultidimNcFiles,INDIAN ARGO Floats Data,-179.988,179.903,NaN,-69.735,47.78333333333333,NaN,NaN,NaN,2002-10-24T19:30:03Z,2025-04-23T13:28:00Z,NaN,,https://erddap.incois.gov.in/erddap/tabledap/Indian_ARGO_Floats.subset,https://erddap.incois.gov.in/erddap/tabledap/Indian_ARGO_Floats,https://erddap.incois.gov.in/erddap/tabledap/Indian_ARGO_Floats.graph,,,,,https://erddap.incois.gov.in/erddap/metadata/fgdc/xml/Indian_ARGO_Floats_fgdc.xml,https://erddap.incois.gov.in/erddap/metadata/iso19115/xml/Indian_ARGO_Floats_iso19115.xml,https://erddap.incois.gov.in/erddap/info/Indian_ARGO_Floats/index,(local files),http://www.incois.gov.in,https://erddap.incois.gov.in/erddap/rss/Indian_ARGO_Floats.rss,https://erddap.incois.gov.in/erddap/subscriptions/add.html?datasetID=Indian_ARGO_Floats&showErrors=false&email=,,NaN,INDIAN ARGO Floats Data
IRS_chlorophyll_datasets,public,INCOIS,grid,Grid,EDDGridFromNcFiles,IRS P4 OCM-Chlorophyll,60.010101318359375,103.94818878173828,0.010184999412002528,0.023322999477386475,26.045997619628906,0.010184999851331318,NaN,NaN,2003-01-05T00:00:00Z,2006-03-21T12:00:00Z,1054350.0,https://erddap.incois.gov.in/erddap/griddap/IRS_chlorophyll_datasets,,,https://erddap.incois.gov.in/erddap/griddap/IRS_chlorophyll_datasets.graph,,,https://erddap.incois.gov.in/erddap/wms/IRS_chlorophyll_datasets/request,,https://erddap.incois.gov.in/erddap/metadata/fgdc/xml/IRS_chlorophyll_datasets_fgdc.xml,https://erddap.incois.gov.in/erddap/metadata/iso19115/xml/IRS_chlorophyll_datasets_iso19115.xml,https://erddap.incois.gov.in/erddap/info/IRS_chlorophyll_datasets/index,(local files),???,https://erddap.incois.gov.in/erddap/rss/IRS_chlorophyll_datasets.rss,https://erddap.incois.gov.in/erddap/subscriptions/add.html?datasetID=IRS_chlorophyll_datasets&showErrors=false&email=,,NaN,IRS P4 OCM-Chlorophyll
ascat_mnt_datasets,public,ifremer,grid,Grid,EDDGridFromNcFiles,Monthly ASCAT global wind field,-179.875,179.875,0.25,-79.875,80.125,0.25,-10.0,-10.0,2007-05-01T12:00:00Z,2021-11-01T12:00:00Z,2661320.930232558,https://erddap.incois.gov.in/erddap/griddap/ascat_mnt_datasets,,,https://erddap.incois.gov.in/erddap/griddap/ascat_mnt_datasets.graph,,,https://erddap.incois.gov.in/erddap/wms/ascat_mnt_datasets/request,,https://erddap.incois.gov.in/erddap/metadata/fgdc/xml/ascat_mnt_datasets_fgdc.xml,https://erddap.incois.gov.in/erddap/metadata/iso19115/xml/ascat_mnt_datasets_iso19115.xml,https://erddap.incois.gov.in/erddap/info/ascat_mnt_datasets/index,(local files),https://wwz.ifremer.fr/,https://erddap.incois.gov.in/erddap/rss/ascat_mnt_datasets.rss,https://erddap.incois.gov.in/erddap/subscriptions/add.html?datasetID=ascat_mnt_datasets&showErrors=false&email=,,NaN,Monthly Advanced SCATterometer (ASCAT) global wind field
